Model,Mean weighted CV accuracy,Std,Beats baseline
Majority baseline,0.5846,,—
RF (untuned),0.46043705249269345,0.18637070718987697,False
XGB (untuned),0.4605499153815812,0.18535109901869884,False
RF (tuned),0.5518566550301661,0.045623767858811067,True
XGB (tuned),0.5608392928945647,0.03229138921979466,True
"RF (final, 15 feat)",0.6411,0.093,True
