Purged_CV,Naive_CV
0.6,0.6
0.6176470588235294,0.7352941176470589
0.38235294117647056,0.38235294117647056
0.4117647058823529,0.4117647058823529
0.5882352941176471,0.5294117647058824
