{
  "rf": {
    "params": {
      "n_estimators": 100,
      "min_samples_leaf": 5,
      "max_features": "sqrt",
      "max_depth": 7,
      "class_weight": null
    },
    "mean_score": 0.5518566550301661,
    "std_score": 0.045623767858811067,
    "dsr_cv_trials": {
      "n_trials": 25,
      "best_sr": 12.095814987003294,
      "expected_max_sr": 5.994690351596564,
      "dsr": 0.9853890267820273,
      "best_mean": 0.5518566550301661,
      "best_std": 0.045623767858811067,
      "best_skew": 0.46425430754782937,
      "best_kurt": 1.9823670642728897
    }
  },
  "xgb": {
    "params": {
      "subsample": 1.0,
      "reg_lambda": 0.1,
      "n_estimators": 100,
      "max_depth": 3,
      "learning_rate": 0.01,
      "gamma": 0.5,
      "colsample_bytree": 0.7
    },
    "mean_score": 0.5608392928945647,
    "std_score": 0.03229138921979466,
    "dsr_cv_trials": {
      "n_trials": 25,
      "best_sr": 17.36807571446228,
      "expected_max_sr": 5.9333814051905795,
      "dsr": 0.9926942945701296,
      "best_mean": 0.5608392928945647,
      "best_std": 0.03229138921979466,
      "best_skew": -0.2901957597890843,
      "best_kurt": 2.083014928573464
    }
  },
  "meta": {
    "n_iter_per_model": 25,
    "cv": "PurgedKFold(n_splits=5, pct_embargo=0.01)",
    "scoring": "accuracy (weighted)",
    "baseline_majority": 0.5663930468372766,
    "dsr_caveat": "DSR here is over CV trial sharpes (in-sample), not strategy-return sharpes; that belongs to the backtesting stage."
  }
}